---
layout: none
---
<?xml version="1.0" encoding="UTF-8"?>
<rss version="2.0" xmlns:atom="http://www.w3.org/2005/Atom">
	<channel>
		<title>{{ site.name | xml_escape }}</title>
		<description>{% if site.description %}{{ site.description | xml_escape }}{% endif %}</description>		
		<link>{{ site.url }}</link>
		<atom:link href="{{ site.url }}/feed.xml" rel="self" type="application/rss+xml" />
		{% for post in site.posts limit:10 %}
			<item>
				<title>{{ post.title | xml_escape }}</title>
				<description>{{ post.excerpt | xml_escape }}</description>
				<pubDate>{{ post.date | date_to_xmlschema }}</pubDate>
				<link>{{ site.url }}{{ post.url }}</link>
				<guid isPermaLink="true">{{ site.url }}{{ post.url }}</guid>
			</item>
		{% endfor %}
	</channel>
</rss>
